statistics_code;statistics_label;time_code;time_label;time;1_variable_code;1_variable_label;1_variable_attribute_code;1_variable_attribute_label;value;value_unit;value_variable_code;value_variable_label;value_q
4000W;Wohnungen (Gebietsstand 15.05.2022);STAG;Stichtag;2022-05-15;GEOBZ1;Bezirke (Hamburg und Berlin);02000000000002;Altona;9,41;€/m²;WHG012;Durchschnittliche Nettokaltmiete;e
4000W;Wohnungen (Gebietsstand 15.05.2022);STAG;Stichtag;2022-05-15;GEOBZ1;Bezirke (Hamburg und Berlin);02000000000001;Hamburg-Mitte;8,52;€/m²;WHG012;Durchschnittliche Nettokaltmiete;e
4000W;Wohnungen (Gebietsstand 15.05.2022);STAG;Stichtag;2022-05-15;GEOBZ1;Bezirke (Hamburg und Berlin);11000000000010;Marzahn-Hellersdorf;6,29;€/m²;WHG012;Durchschnittliche Nettokaltmiete;e
4000W;Wohnungen (Gebietsstand 15.05.2022);STAG;Stichtag;2022-05-15;GEOBZ1;Bezirke (Hamburg und Berlin);02000000000006;Bergedorf;8,04;€/m²;WHG012;Durchschnittliche Nettokaltmiete;e
4000W;Wohnungen (Gebietsstand 15.05.2022);STAG;Stichtag;2022-05-15;GEOBZ1;Bezirke (Hamburg und Berlin);11000000000011;Lichtenberg;7,15;€/m²;WHG012;Durchschnittliche Nettokaltmiete;e
4000W;Wohnungen (Gebietsstand 15.05.2022);STAG;Stichtag;2022-05-15;GEOBZ1;Bezirke (Hamburg und Berlin);02000000000005;Wandsbek;8,52;€/m²;WHG012;Durchschnittliche Nettokaltmiete;e
4000W;Wohnungen (Gebietsstand 15.05.2022);STAG;Stichtag;2022-05-15;GEOBZ1;Bezirke (Hamburg und Berlin);02000000000004;Hamburg-Nord;10,04;€/m²;WHG012;Durchschnittliche Nettokaltmiete;e
4000W;Wohnungen (Gebietsstand 15.05.2022);STAG;Stichtag;2022-05-15;GEOBZ1;Bezirke (Hamburg und Berlin);02000000000003;Eimsbüttel;10,26;€/m²;WHG012;Durchschnittliche Nettokaltmiete;e
4000W;Wohnungen (Gebietsstand 15.05.2022);STAG;Stichtag;2022-05-15;GEOBZ1;Bezirke (Hamburg und Berlin);02000000000007;Harburg;8,21;€/m²;WHG012;Durchschnittliche Nettokaltmiete;e
4000W;Wohnungen (Gebietsstand 15.05.2022);STAG;Stichtag;2022-05-15;GEOBZ1;Bezirke (Hamburg und Berlin);11000000000009;Treptow-Köpenick;7,45;€/m²;WHG012;Durchschnittliche Nettokaltmiete;e
4000W;Wohnungen (Gebietsstand 15.05.2022);STAG;Stichtag;2022-05-15;GEOBZ1;Bezirke (Hamburg und Berlin);11000000000002;Friedrichshain-Kreuzberg;8,19;€/m²;WHG012;Durchschnittliche Nettokaltmiete;e
4000W;Wohnungen (Gebietsstand 15.05.2022);STAG;Stichtag;2022-05-15;GEOBZ1;Bezirke (Hamburg und Berlin);11000000000001;Mitte;8,30;€/m²;WHG012;Durchschnittliche Nettokaltmiete;e
4000W;Wohnungen (Gebietsstand 15.05.2022);STAG;Stichtag;2022-05-15;GEOBZ1;Bezirke (Hamburg und Berlin);11000000000012;Reinickendorf;7,13;€/m²;WHG012;Durchschnittliche Nettokaltmiete;e
4000W;Wohnungen (Gebietsstand 15.05.2022);STAG;Stichtag;2022-05-15;GEOBZ1;Bezirke (Hamburg und Berlin);11000000000004;Charlottenburg-Wilmersdorf;8,43;€/m²;WHG012;Durchschnittliche Nettokaltmiete;e
4000W;Wohnungen (Gebietsstand 15.05.2022);STAG;Stichtag;2022-05-15;GEOBZ1;Bezirke (Hamburg und Berlin);11000000000003;Pankow;8,05;€/m²;WHG012;Durchschnittliche Nettokaltmiete;e
4000W;Wohnungen (Gebietsstand 15.05.2022);STAG;Stichtag;2022-05-15;GEOBZ1;Bezirke (Hamburg und Berlin);11000000000006;Steglitz-Zehlendorf;8,01;€/m²;WHG012;Durchschnittliche Nettokaltmiete;e
4000W;Wohnungen (Gebietsstand 15.05.2022);STAG;Stichtag;2022-05-15;GEOBZ1;Bezirke (Hamburg und Berlin);11000000000005;Spandau;7,15;€/m²;WHG012;Durchschnittliche Nettokaltmiete;e
4000W;Wohnungen (Gebietsstand 15.05.2022);STAG;Stichtag;2022-05-15;GEOBZ1;Bezirke (Hamburg und Berlin);11000000000008;Neukölln;7,40;€/m²;WHG012;Durchschnittliche Nettokaltmiete;e
4000W;Wohnungen (Gebietsstand 15.05.2022);STAG;Stichtag;2022-05-15;GEOBZ1;Bezirke (Hamburg und Berlin);11000000000007;Tempelhof-Schöneberg;7,56;€/m²;WHG012;Durchschnittliche Nettokaltmiete;e
