city,city_en,ags,mapping_type,note
Aachen,Aachen,05334,containing_kreis,City is part of Städteregion Aachen
Augsburg,Augsburg,09761,exact,
Berlin,Berlin,11000,exact,
Bielefeld,Bielefeld,05711,exact,
Bocholt,Bocholt,05554,containing_kreis,Town in Kreis Borken
Bochum,Bochum,05911,exact,
Bonn,Bonn,05314,exact,
Braunschweig,Brunswick,03101,exact,
Bremen,Bremen,04011,exact,
Chemnitz,Chemnitz,14511,exact,
Dortmund,Dortmund,05913,exact,
Dresden,Dresden,14612,exact,
Duisburg,Duisburg,05112,exact,
Düsseldorf,Dusseldorf,05111,exact,
Erfurt,Erfurt,16051,exact,
Essen,Essen,05113,exact,
Frankfurt am Main,Frankfurt,06412,exact,
Gelsenkirchen,Gelsenkirchen,05513,exact,
Hamburg,Hamburg,02000,exact,
Hamm,Hamm,05915,exact,
Hannover,Hanover,03241,containing_kreis,City is part of Region Hannover
Karlsruhe,Karlsruhe,08212,exact,
Kiel,Kiel,01002,exact,
Köln,Cologne,05315,exact,
Leipzig,Leipzig,14713,exact,
Lübeck,Lubeck,01003,exact,
Mönchengladbach,Monchengladbach,05116,exact,
Mannheim,Mannheim,08222,exact,
Kreis Mettmann,Mettmann district,05158,exact,
München,Munich,09162,exact,
Münster,Munster,05515,exact,
Nürnberg,Nuremberg,09564,exact,
Potsdam,Potsdam,12054,exact,
Rhein-Erft-Kreis,Rhein-Erft district,05362,exact,
Stuttgart,Stuttgart,08111,exact,
Wiesbaden,Wiesbaden,06414,exact,
Wuppertal,Wuppertal,05124,exact,
